<?xml version="1.0" encoding="utf-8"?>
<extension type="component" version="3.0" method="upgrade">
    <name>com_datadirectory</name>
    <creationDate>2017-03-25</creationDate>
    <copyright>2017 raj</copyright>
    <license>GNU General Public License version 2 or later; see LICENSE.txt</license>
    <author>raj</author>
    <authorEmail>raj.k230@gmail.com</authorEmail>
    <authorUrl>http://</authorUrl>
    <version>CVS: 1.0.0</version>
    <description></description>
    
    
    
    <install> <!-- Runs on install -->
        <sql>
            <file driver="mysql" charset="utf8">sql/install.mysql.utf8.sql</file>
        </sql>
    </install>
    <update> <!-- Runs on update -->
        <sql>
            <file driver="mysql" charset="utf8">sql/update.mysql.utf8.sql</file>
        </sql>
    </update>
    <uninstall> <!-- Runs on uninstall -->
        <sql>
            <file driver="mysql" charset="utf8">sql/uninstall.mysql.utf8.sql</file>
        </sql>
    </uninstall>

    <files folder="site">
        <filename>index.html</filename>
        <filename>datadirectory.php</filename>
        <filename>controller.php</filename>
        <filename>router.php</filename>
        <folder>views</folder>
        <folder>models</folder>
        <folder>controllers</folder>
        <folder>helpers</folder>
    </files>
    <media destination="com_datadirectory" folder="media">
        <folder>js</folder>
        <folder>css</folder>
    </media>
    <languages folder="languages/site">
        
			<language tag="en-GB">en-GB/en-GB.com_datadirectory.ini</language>
    </languages>
    <administration>
        <menu img="media/com_datadirectory/images/s_com_datadirectory.png" >COM_DATADIRECTORY</menu>
        <submenu>
            
			<menu link="option=com_datadirectory&amp;view=editproducts" view="editproducts" img="media/com_datadirectory/images/s_editproducts.png" alt="Datadirectory/Editproducts">COM_DATADIRECTORY_TITLE_EDITPRODUCTS</menu>

			<menu link="option=com_datadirectory&amp;view=editsuppliers" view="editsuppliers" img="media/com_datadirectory/images/s_editsuppliers.png" alt="Datadirectory/Editsuppliers">COM_DATADIRECTORY_TITLE_EDITSUPPLIERS</menu>

			<menu link="option=com_datadirectory&amp;view=listsupplierproductss" view="listsupplierproductss" img="media/com_datadirectory/images/s_listsupplierproductss.png" alt="Datadirectory/Listsupplierproductss">COM_DATADIRECTORY_TITLE_LISTSUPPLIERPRODUCTSS</menu>

			<menu link="option=com_datadirectory&amp;view=listsupplierss" view="listsupplierss" img="media/com_datadirectory/images/s_listsupplierss.png" alt="Datadirectory/Listsupplierss">COM_DATADIRECTORY_TITLE_LISTSUPPLIERSS</menu>

        </submenu>
        <files folder="administrator">
            <filename>access.xml</filename>
            <filename>config.xml</filename>
            <filename>controller.php</filename>
            <filename>index.html</filename>
            <filename>datadirectory.php</filename>
            <folder>controllers</folder>
            <folder>assets</folder>
            <folder>helpers</folder>
            <folder>models</folder>
            <folder>sql</folder>
            <folder>tables</folder>
            <folder>views</folder>
        </files>
        <languages folder="languages/administrator">
            
			<language tag="en-GB">en-GB/en-GB.com_datadirectory.ini</language>
			<language tag="en-GB">en-GB/en-GB.com_datadirectory.sys.ini</language>
        </languages>
    </administration>
    <config>
        <fields name="params">
            <fieldset name="component">
                <field name="save_history" default="0" />
            </fieldset>
        </fields>
    </config>
    <plugins>
        <plugin group="search" plugin="datadirectory"/>
    </plugins>
    
</extension>
<!-- Component built by the Joomla Component Creator -->
<!-- http://www.component-creator.com/ -->
